Polling Site ID,Kenyatta,Odinga,Nyagah,Dida,Aukot,Kaluyu,Jirongo,Mwaura
22119059201307,588,11,0,0,0,1,0,1
8036017906201,13,46,0,0,0,0,0,0
28149074304901,306,6,0,0,0,1,1,0
22114056501311,436,110,1,0,0,0,0,0
12059029000804,410,20,0,0,0,1,0,0
14066033008501,302,13,1,0,0,0,0,0
37200099903301,38,375,2,1,1,0,2,1
47279139401602,442,83,0,0,0,1,0,0
47280139600401,339,173,0,0,1,0,0,0
3014007003401,49,229,0,0,1,1,2,1
22117058200203,470,3,0,0,0,0,0,0
33182090803502,174,298,1,0,0,0,0,0
42243121201402,0,516,0,0,0,0,0,0
45264132112201,114,325,4,0,0,1,2,1
42239119101101,2,466,0,1,1,0,0,0
34186092806301,101,70,0,0,0,1,0,0
30158079010001,208,6,0,0,0,0,0,0
17088043907603,43,330,4,0,0,0,0,0
43249124303602,1,370,1,1,0,0,0,0
42242120600201,1,357,1,0,0,0,0,0
2009004308501,32,257,2,0,2,2,1,0
3016007905310,52,334,1,0,1,2,0,0
1003001101102,32,259,3,2,0,0,0,0
44259129303701,250,111,3,0,0,1,0,0
47278138901201,193,272,0,1,5,0,0,0
17083041204201,27,253,3,0,0,1,0,1
45264131907501,160,222,4,2,0,1,2,0
46272136005801,278,136,1,0,1,0,1,1
14063031512204,432,55,1,0,1,0,0,0
47281140301102,18,510,3,0,0,0,0,0
47275137501802,101,331,1,1,0,0,0,0
30161080411201,198,4,0,0,0,0,0,0
20101050605601,331,3,0,0,0,0,1,0
16077038306401,23,365,2,1,1,2,1,3
44254126704701,2,481,2,0,0,1,0,0
8033016201501,110,41,0,6,0,0,0,0
47289144001102,394,150,0,0,0,0,0,0
35191095510901,398,13,0,0,0,0,0,0
22117058503105,441,42,0,0,0,0,0,0
25134066701601,49,192,1,0,9,0,0,0
22118058701301,580,12,0,0,1,0,1,0
47278139002304,41,450,1,0,1,0,0,0
22119059302003,502,8,0,0,1,0,0,1
30161080204201,255,24,0,1,2,1,0,0
25134066905601,152,43,1,0,0,1,1,1
18089044404802,463,6,0,0,0,1,0,1
34185092506301,41,146,0,0,0,1,0,0
14063031513601,409,53,0,1,0,1,0,1
19094046805202,436,3,0,0,0,0,0,1
41234116708602,1,310,0,0,0,0,0,0
35192095802802,421,5,1,2,1,0,1,0
19096047903301,576,6,1,0,1,1,2,0
22117058301101,604,7,0,0,1,0,0,0
32172085702902,352,11,0,0,0,1,0,0
45268133904201,163,182,0,0,3,1,1,0
17088043804501,9,364,1,0,0,0,0,0
37206102802201,34,334,2,1,0,0,0,0
42243121405801,0,447,2,0,2,0,0,0
31163081405901,326,1,0,0,0,0,0,1
22111055405505,498,10,2,0,0,0,0,0
22116058105302,417,3,0,1,0,0,0,0
15072035711001,108,234,2,0,1,2,1,0
41233116001503,6,480,0,1,0,0,0,0
10048023803402,322,26,2,1,0,1,0,0
28147073307601,317,2,1,0,0,0,0,1
19095047205601,343,2,0,1,0,0,1,0
19095047103801,163,0,0,0,0,0,0,0
3016007804606,90,274,1,2,1,0,0,0
3013006301402,49,218,0,2,2,0,0,0
22122060701302,498,2,0,0,1,0,0,0
43252125805701,0,204,0,0,0,0,0,0
18091045604002,549,5,0,0,1,0,0,0
16076037805501,42,387,6,2,0,0,2,2
22115057502506,474,57,0,0,0,0,0,0
12055027510301,39,3,0,0,0,0,0,0
41235117205303,2,459,0,0,0,0,0,0
3016007703002,7,259,3,1,0,0,1,1
22120059701503,531,8,0,0,0,0,0,0
38212105602401,10,382,0,0,1,0,2,0
45269134201401,80,189,0,1,0,0,0,0
13062030914701,155,6,2,0,0,2,1,0
22111055100702,457,1,0,0,0,0,0,0
13060029807001,177,10,0,0,0,0,1,0
47284141600118,398,116,3,1,0,0,0,0
16077038204001,30,342,6,0,0,1,1,0
21110055010201,218,2,0,0,0,0,0,0
2009004309101,66,290,0,0,0,1,1,0
15067033207401,13,152,0,0,1,0,0,0
35188093907402,426,3,0,1,0,0,0,0
43248123802601,1,268,3,0,0,0,0,0
2010004402301,27,105,1,0,1,0,0,0
16080039400303,84,346,0,0,0,0,0,0
28147073311501,135,17,0,0,1,0,0,0
41234116709002,1,452,2,0,0,0,0,0
47282140800809,78,365,2,0,1,0,1,0
40230114904001,75,308,0,0,0,0,1,0
32173086001101,194,100,0,0,0,0,0,0
43245122304601,1,564,0,0,0,0,0,0
3016007804202,66,281,1,2,1,1,0,0
40226112700402,126,259,2,1,1,0,0,2
22116058104501,459,5,2,0,0,1,1,0
1006003005806,103,214,2,7,0,0,0,0
21108053401701,364,0,0,0,0,0,0,0
21106052606602,490,8,0,0,1,1,0,0
19099049100503,400,10,0,0,0,0,0,0
33181090407101,141,46,0,0,0,0,0,0
20101050503204,508,7,0,0,1,2,1,0
47288143701405,157,193,3,19,2,0,1,0
34184092007502,135,195,2,1,0,0,0,0
36197098100901,322,30,0,0,1,0,2,0
32168083701806,298,160,0,0,0,0,0,0
33181090204203,260,139,1,0,0,1,2,0
17083041620401,12,229,2,0,0,1,2,0
47281140100303,116,363,2,0,0,0,0,0
15074037020301,75,201,2,0,0,0,1,0
35193096303101,498,15,0,1,2,2,0,0
30159079712701,93,3,1,0,0,0,0,0
21106052301901,603,3,3,0,0,0,0,0
47281140301008,238,228,1,1,0,0,0,0
29152075707601,136,10,1,1,0,0,2,0
47276138002204,478,32,0,0,0,0,0,0
29155077305001,437,14,0,0,0,0,0,0
37206103003702,81,452,3,1,2,0,2,0
22112055704402,560,1,0,1,0,0,1,0
32171085505505,449,28,0,0,0,0,0,0
13062031020301,289,62,0,0,0,2,3,0
19097048404302,315,4,0,1,0,0,0,0
3016007703602,41,431,1,1,0,0,0,0
17086042400601,31,502,1,0,0,1,0,0
47282140600405,108,342,0,0,0,0,0,0
30157078307001,11,19,0,0,0,0,0,0
33181090204901,134,256,1,0,0,1,2,0
49292145107001,25,4,0,0,0,0,0,0
39217108408001,72,119,0,0,0,0,0,1
47283141100204,171,346,0,0,1,1,0,0
32174086603101,466,0,0,0,1,0,0,0
32174086704601,520,8,0,1,0,0,0,0
17087043101301,6,226,6,0,0,0,0,0
37200099801902,19,264,1,0,0,0,1,0
12054026804602,318,21,0,0,0,0,0,0
31163081509002,493,30,1,0,0,0,1,0
32170085104401,381,4,0,0,2,0,1,0
47275137200904,218,258,1,0,1,0,0,0
19094046602201,259,6,0,0,0,0,0,0
45262130500601,107,228,3,0,2,0,1,0
45262130805901,79,132,1,0,2,0,0,0
46272136107001,138,54,0,0,1,0,0,1
14063031511601,499,7,0,0,2,0,0,0
24129064617201,66,103,0,0,0,0,0,0
7027013302506,344,121,0,6,0,0,0,0
8036017803001,201,155,0,12,0,0,0,0
12052025703201,342,39,1,1,0,0,0,0
30161080308701,144,4,0,0,0,0,0,0
19096047802301,408,2,0,1,2,0,0,0
19096048107903,436,1,0,1,3,0,0,0
17084041905201,34,286,1,1,1,1,0,0
1006003005804,89,206,0,5,1,1,0,0
15074036914901,58,155,2,0,6,1,0,1
12054026803901,361,49,0,0,0,2,0,0
13061030412701,138,7,0,0,0,0,1,0
44260129702302,141,166,2,1,0,0,3,0
37199099100102,42,449,1,0,1,1,1,0
41235117205901,7,546,0,0,2,0,1,0
38211105100601,24,311,2,0,0,0,1,0
41236117806401,1,322,0,0,1,0,0,0
40225112305201,38,289,0,1,0,0,0,1
39217108303201,196,230,5,0,3,0,1,1
1004001902006,192,171,2,0,0,0,0,0
17083041514501,48,293,3,2,0,1,0,0
18092046003201,379,2,0,0,0,0,0,0
32170085104203,487,12,1,0,0,1,0,0
1002000701202,93,268,2,0,0,0,0,0
6026012602901,143,259,5,1,3,0,0,0
15074036607501,53,124,0,1,1,1,0,0
43250125113701,1,448,0,0,0,0,0,0
12053026509002,339,45,0,2,3,2,0,0
23126062900301,111,228,0,0,1,0,1,0
47279139401609,383,97,0,0,2,0,1,0
47274137002313,228,236,0,0,0,0,0,0
45268133700501,147,142,0,0,0,0,1,1
47275137502104,265,177,1,0,0,0,0,0
33177088407601,227,116,1,1,2,0,0,0
27146072802802,344,38,1,0,1,0,0,1
14063031513001,238,38,0,0,0,0,0,0
23128063802601,0,39,0,0,0,0,0,0
47284142000902,304,181,1,0,1,2,0,0
35190094908501,400,1,0,2,1,0,0,0
14064032209802,390,10,0,1,1,1,0,2
35188093907201,497,7,1,0,0,1,1,0
6024011601901,60,380,5,1,4,1,1,0
23123061610201,41,17,0,0,1,0,0,0
35188093702302,288,3,0,1,1,0,0,0
41237118101402,3,338,0,0,0,0,0,0
42239119302701,2,438,0,0,0,0,0,0
17085042103701,51,283,0,1,1,0,0,0
26136067804502,92,258,5,0,1,1,0,0
19094046703003,403,5,0,0,0,1,0,0
8035017200701,447,64,3,33,1,1,2,0
44260129600901,213,16,1,0,1,1,0,0
47287143201505,248,243,0,1,1,2,0,2
41235117205402,4,388,1,0,1,0,0,0
38213106404601,56,358,0,1,1,1,1,2
13062030705001,234,21,0,0,1,0,1,0
18093046403602,516,9,0,0,0,0,0,0
16080039603203,232,297,0,0,0,0,0,0
37203101704401,119,370,2,2,0,0,0,1
15072035503702,96,216,0,0,2,0,1,2
47276137901401,467,68,0,1,0,0,0,0
13060029910302,355,18,0,0,2,0,0,0
27143071809102,166,82,3,1,2,0,0,0
34185092100601,139,312,4,0,1,0,0,0
40229114606601,8,527,0,0,0,0,1,0
47288143801503,235,207,2,2,0,0,0,0
16078038602201,40,274,3,2,3,0,0,1
30160080008401,156,10,1,0,0,1,0,0
20100050005301,476,13,0,0,0,2,0,0
44259129508701,336,79,0,0,1,0,0,1
47280140001908,413,89,0,0,0,0,0,0
8034016901202,118,160,0,11,0,0,0,0
44254126500901,0,452,4,0,0,0,0,0
44260129803201,192,146,2,0,2,2,0,1
3011005403205,34,370,5,1,1,1,1,0
19097048508302,358,2,0,1,0,1,0,0
47279139100304,406,134,2,0,0,0,0,0
21108053502902,169,104,2,3,1,0,0,0
13062030809001,91,2,0,0,0,0,0,0
47279139200709,421,63,2,0,0,0,0,0
26139069103205,137,267,2,0,0,0,0,1
24129064207301,32,30,1,0,0,0,0,0
21105051901602,431,2,0,0,0,0,0,0
26136067601302,64,377,4,0,0,0,0,0
13061030519301,123,1,0,0,0,0,1,0
38211105100101,28,318,2,2,3,1,2,0
30160079905601,141,187,3,0,1,0,0,0
31165082405501,37,83,0,0,0,0,0,0
32167083001201,549,5,1,1,0,1,0,0
43245122202401,1,499,1,1,0,0,0,0
31164081905703,301,105,2,1,0,0,0,0
24130064803801,276,70,1,0,0,0,0,0
18092045901801,490,4,0,0,0,0,0,0
24132066019301,69,97,3,0,1,0,0,0
17085042309201,16,375,1,0,0,0,3,0
32174086805801,479,52,1,0,0,0,0,0
29154076704201,351,13,0,0,4,0,0,0
34185092201404,263,225,0,0,2,0,1,0
10045022708901,71,3,0,0,0,0,0,0
8038018704801,89,91,0,1,0,0,0,0
22111055405703,538,3,0,0,0,0,0,1
21104051702301,542,6,0,1,0,1,1,0
35190094705105,302,113,1,0,0,0,0,0
4019009507301,201,2,0,3,0,0,0,0
42243121405802,0,451,1,0,0,0,1,0
47286142600147,247,256,0,1,1,1,0,1
10045022303202,117,288,2,1,4,0,0,1
38215107505701,63,190,3,0,1,0,1,1
47282141001306,94,355,0,0,0,0,0,1
17087043513201,10,271,4,1,1,0,1,0
28150074809301,461,31,0,0,0,0,0,1
23123061201102,217,67,1,0,4,1,1,0
38213106709101,33,454,3,0,1,1,1,1
44257127701301,3,512,0,0,0,0,0,1
32169084705901,430,45,0,0,1,0,0,0
12053026202603,313,53,0,1,1,0,0,0
15067033417901,41,388,3,1,8,0,1,0
31163081304001,385,4,0,0,1,2,1,0
32174086806701,314,56,1,0,4,1,0,0
29155077101602,100,254,0,0,0,0,0,1
41233116103601,1,228,0,0,0,0,0,0
1001000200505,135,238,1,4,0,1,0,0
20100050004802,422,1,0,0,1,1,0,0
23128064006202,88,305,0,0,0,0,0,0
33179089607701,30,382,2,0,0,0,0,0
41233116206301,0,410,1,0,0,0,0,0
3016007602801,37,171,0,0,2,0,1,0
32175087101002,241,203,0,0,0,0,0,0
15067033313801,17,284,1,0,0,1,1,0
30162080605201,288,0,0,0,1,0,1,1
21106052607201,400,0,1,0,0,0,0,0
12056027905601,409,54,0,0,1,0,0,0
8038018807201,16,289,1,2,0,0,0,0
26136067703201,129,277,0,1,1,0,0,0
16081040410401,31,304,0,1,1,0,1,1
47282140700601,74,314,0,2,0,0,0,0
45268133904701,147,72,0,0,3,0,1,0
37201100200401,41,290,0,0,1,0,1,0
43250124805902,1,300,1,0,0,0,0,0
3014006902301,38,158,3,1,1,2,0,1
39222110801701,156,300,5,0,2,3,2,1
21104051702501,427,8,0,0,1,0,0,0
16077038408901,29,204,2,1,0,0,0,0
22116057903002,538,3,1,0,1,0,0,0
39218108501001,59,419,1,1,2,0,2,1
45269134202202,77,254,0,0,0,0,0,0
19099049203002,395,10,0,1,0,0,0,0
3011005201504,101,259,0,0,0,0,0,0
44259129507701,42,84,0,0,0,0,0,0
24131065409301,158,29,0,0,0,0,0,0
15069034413502,19,226,5,1,7,1,2,0
41233116000301,1,465,0,0,0,0,0,0
19096048107702,434,1,0,0,0,1,0,0
47280139600302,360,129,2,0,1,0,0,0
47279139501906,526,48,2,0,3,0,2,0
22121060100701,456,1,0,0,0,0,0,1
47275137301007,87,351,0,0,0,1,0,1
30159079608901,209,5,0,0,0,0,0,0
47288143601105,241,269,0,0,0,0,0,0
9041020504402,300,140,0,9,0,0,0,0
47276137801104,301,213,0,1,0,0,0,0
1005002401904,60,269,1,1,0,0,0,0
31163081509903,535,7,0,0,0,0,0,0
35190094908601,503,10,2,0,1,1,0,0
32173086412301,272,5,0,0,0,0,0,0
47290144700405,161,349,0,0,0,1,0,1
45261130303502,163,137,2,0,2,0,0,0
46270134805701,205,269,2,0,4,1,0,1
1006002903704,119,237,2,1,0,0,0,0
18090045003401,307,2,0,0,0,0,0,0
47286142900701,286,218,0,0,0,0,0,0
40229114707001,5,284,0,1,0,0,2,0
40228113802102,108,273,3,2,5,1,1,0
45264131703302,102,184,1,1,3,1,0,0
22116058004402,464,6,0,0,0,0,0,0
47289144302107,183,254,1,0,0,0,0,0
32166082803401,201,110,2,1,0,1,1,1
6023011202602,120,204,2,0,0,0,0,0
21110054603101,379,56,0,0,1,0,1,0
23126063209601,25,26,0,0,0,1,0,0
24129064615101,328,67,3,0,0,1,0,0
1002000701205,85,282,4,1,0,0,0,0
23126063005801,67,16,0,0,0,1,1,0
47280139901608,294,236,0,0,1,1,0,0
6023011403101,17,152,0,0,0,0,0,0
17086042913601,27,309,6,0,2,0,2,1
33181090609301,520,10,0,0,1,0,1,0
8036017600901,66,200,1,16,0,0,0,0
7027013403202,259,68,0,22,1,0,0,0
26136067805001,89,251,2,1,0,0,0,0
15067033520701,208,5,0,0,1,0,1,0
1006003005803,92,228,2,6,0,1,0,1
14066032800302,424,13,2,2,0,0,0,0
47288143500810,251,139,0,10,0,0,0,0
43250124805602,0,355,0,1,0,0,0,0
2009004004203,37,350,2,1,1,0,0,0
8033016302701,24,22,0,5,1,0,0,0
29154076807501,545,16,0,0,3,0,0,0
22118058902401,496,32,0,0,1,0,0,0
39221110401502,46,295,3,1,1,0,1,1
39219108900401,128,309,3,0,1,3,0,2
24131065307201,138,15,0,0,0,0,0,0
4018008804203,43,234,2,2,4,2,1,0
43250124806203,0,474,0,0,0,0,0,0
47280140002303,428,92,0,0,0,0,0,0
43248123700701,1,346,0,0,0,0,0,0
47280139800902,290,212,0,1,1,0,0,0
32169084502402,568,5,0,1,0,0,0,0
32170085207201,365,11,0,0,1,0,0,0
28148073604501,469,2,0,0,0,0,0,0
6026012905401,56,299,4,0,2,1,0,1
16082040706802,36,286,3,0,2,1,0,0
23123061609602,76,190,1,0,2,1,0,0
27142070800201,109,259,1,0,0,0,0,0
22114056803402,255,199,4,1,0,2,0,0
3013006606501,12,250,0,0,1,1,0,0
9041020101002,389,81,1,10,0,0,0,0
3011005100203,74,356,0,1,1,0,0,0
21106052607202,400,0,0,0,2,0,0,0
13062030601001,451,44,3,1,4,0,1,0
16078038808001,50,294,6,0,2,0,0,0
35192096106602,421,16,1,0,0,0,0,0
22115057502302,458,62,2,0,1,1,0,0
42239119303103,12,533,0,0,0,0,0,0
23125062810802,45,211,2,0,5,0,1,0
22121060302003,485,1,0,0,0,0,0,0
43246122702701,2,488,0,0,2,0,0,0
24131065306201,98,58,0,0,0,0,0,0
14063031100702,398,23,0,0,3,1,0,0
19094046704401,344,3,0,1,0,0,0,0
37200099902502,48,440,6,0,3,0,1,0
47290144500115,139,337,0,0,0,0,0,0
3014006902801,51,338,2,0,0,0,1,0
18093046403501,444,2,0,0,1,0,0,0
8034017103402,170,93,0,1,1,0,1,0
26140069602301,255,54,0,0,0,0,0,0
46273136506201,178,170,2,1,0,0,1,0
16081040004502,71,399,3,2,1,1,3,2
47276137700506,209,235,2,0,0,0,0,0
32169084400603,396,73,2,0,1,1,0,0
37199099405202,27,326,1,1,1,0,0,0
12052025600602,243,41,0,0,2,1,0,0
42239119101203,3,396,0,0,1,0,0,0
47288143500910,200,187,4,9,0,0,0,0
47282141001320,98,392,1,0,0,0,1,0
44259129507102,259,40,1,1,0,0,0,0
16080039400307,63,347,1,0,0,1,0,0
45264131806301,235,220,6,1,1,0,0,0
24131065204501,46,22,0,0,0,0,0,0
21110054906902,354,6,0,0,0,0,0,0
15074036916301,32,67,1,0,1,0,2,0
21107052801201,338,1,0,1,0,0,0,0
16079039204401,35,373,7,0,0,0,0,0
39224111500302,47,274,5,1,0,0,1,0
15074036916701,12,121,3,0,4,1,4,0
27144071900401,398,116,1,0,0,0,0,0
1004001801402,108,268,2,1,1,0,0,0
30161080414901,159,1,0,0,1,0,0,0
26139069304802,248,247,2,0,0,1,0,0
47282141001302,106,364,1,0,0,0,0,0
2007003201605,42,357,5,2,0,0,0,0
45267133606702,273,180,3,2,4,0,0,1
13060029909602,351,9,0,0,0,0,1,0
1006002903802,106,207,0,1,0,0,0,0
10047023504801,272,180,4,10,0,0,0,0
45261130202202,160,186,2,0,3,2,0,0
22115057101202,344,9,0,0,0,0,0,0
23128063904801,41,45,0,0,0,0,0,0
47280139600308,427,86,0,0,0,0,0,0
15072035607801,71,335,1,0,1,0,0,1
22122060904602,321,2,0,0,0,0,0,1
45268133905202,177,100,0,0,0,2,1,0
19096047903102,457,0,1,0,1,0,0,1
40225112100104,82,336,1,0,2,1,1,0
12057028908701,296,19,1,0,0,0,1,1
3011005706803,23,298,4,1,2,0,2,0
8037018000701,92,44,2,3,0,0,0,0
43251125201101,6,358,0,0,0,0,0,0
22114056401103,413,104,0,0,0,1,0,0
25133066508601,190,175,1,0,0,0,0,0
15073035900101,51,367,2,0,1,0,0,0
1003001101311,150,245,1,0,1,0,0,0
15070034808402,61,231,2,1,0,1,2,0
40227113401502,36,244,2,0,0,0,0,0
8033016303001,147,327,0,28,0,0,0,0
1005002100501,48,147,0,0,0,0,0,0
21110054601901,53,76,1,0,0,0,0,0
24131065615801,235,61,0,0,0,1,0,0
46273136302603,217,233,2,1,5,2,2,0
34184091906202,275,178,0,0,0,1,0,0
22122060600202,458,0,0,0,0,0,0,0
28150074809101,203,9,0,0,0,0,0,0
27141070100104,343,133,2,0,1,0,0,0
8035017503801,226,125,0,48,2,1,1,0
33179089303803,293,143,0,0,2,1,0,0
34183091201709,347,191,0,0,0,0,0,0
22114056702708,499,23,0,0,0,1,1,0
18091045300202,366,2,0,0,0,0,1,0
24130064802901,121,116,0,0,0,0,0,0
47287143201303,186,335,1,0,0,0,0,1
47278138600103,84,331,1,1,0,0,0,0
15070034706201,13,241,1,0,0,0,0,0
38213106404701,52,343,4,1,3,0,2,1
45264131704301,150,213,1,0,0,0,0,0
18092046103601,338,3,0,0,0,1,0,0
27142071306714,261,213,3,0,0,0,0,2
47275137301103,99,389,1,1,1,0,1,1
37200099902901,8,361,0,1,0,0,2,0
46271135608106,167,261,2,0,1,1,0,0
15074036711801,31,202,2,3,1,1,1,0
36194096908801,408,13,0,0,0,0,0,0
45262131011101,302,160,0,3,1,0,2,0
12058028707701,513,17,0,1,0,1,1,0
12054026702001,350,34,0,0,0,0,0,1
23127063708101,96,12,0,1,0,0,0,0
13061030305901,373,18,0,0,1,0,0,0
14063031101701,171,14,0,0,0,1,0,0
22120060003804,494,47,0,0,2,0,0,1
32166082600401,448,22,1,0,0,1,0,0
44258128302901,0,155,0,0,0,0,0,0
28150074602602,245,21,1,0,1,0,0,0
7032016006001,108,81,0,3,0,0,0,0
37200100003401,62,302,2,1,1,0,2,0
47281140100204,164,352,1,1,0,1,0,0
19096047700302,413,1,0,1,1,1,1,0
23126063003801,174,260,0,0,2,0,0,0
22117058402303,566,8,0,0,0,0,0,0
16079039305802,49,278,2,1,1,0,0,0
2007003405201,79,157,2,5,0,0,0,0
17088043701301,19,458,6,1,1,0,0,1
6026012703304,93,284,3,2,0,0,0,0
31163081405002,510,6,0,0,1,1,0,1
37202101307902,34,366,3,1,2,0,0,0
41237118204102,2,303,1,0,0,0,0,0
12053026203501,389,73,1,0,0,0,0,0
19098049006303,484,2,0,0,0,0,0,0
15072035608801,46,75,1,1,0,0,1,0
12057028204001,248,36,1,0,1,0,0,0
42238118600401,1,574,2,0,0,0,0,0
2010004708901,18,155,1,1,3,0,2,0
11049024100201,158,170,3,24,0,0,0,1
16078038807902,82,176,1,0,0,0,0,0
17083041515701,4,95,2,1,1,1,1,0
27143071706501,432,18,3,0,0,1,0,0
28149074100601,429,5,1,0,0,0,0,1
43250124501601,0,294,0,0,0,0,0,0
12057028909101,285,25,2,2,3,1,0,0
15070034911401,7,107,0,0,2,0,0,1
47283141100410,337,189,1,0,0,0,0,1
12059029308101,407,20,0,1,0,0,0,1
47287143201804,142,327,1,0,0,1,0,1
43245122100201,1,320,0,0,0,0,0,0
40231115301902,177,226,0,0,2,0,0,1
12051025203402,301,58,0,0,0,0,0,0
14066033006901,307,8,0,1,0,1,1,1
23125062401401,119,143,0,0,0,0,0,0
45264131602302,131,169,2,1,2,0,1,0
39218108705101,55,457,0,2,3,1,3,0
38215107402202,36,299,2,0,0,0,0,1
16082040502102,40,267,3,0,1,0,0,0
38214107205501,32,270,1,1,0,0,0,1
15067033313701,39,327,5,0,0,0,1,0
37200099802301,42,403,0,0,1,0,1,0
37199099202901,25,266,3,1,2,0,2,0
19096048210601,425,2,0,0,0,0,0,0
36196097703501,194,35,2,0,2,0,0,0
43252126008401,4,542,2,0,0,0,0,0
12055027406501,310,113,2,3,0,0,2,0
45263131100801,218,204,2,0,0,0,0,0
24132065704601,149,82,1,0,0,0,1,1
42239119505901,2,447,0,1,0,0,0,0
41236118009602,2,379,0,0,0,0,0,0
42240119701209,14,521,2,0,1,0,0,0
27145072402901,337,113,2,0,0,0,0,0
44258128302501,0,209,0,0,0,0,0,0
22118058801605,477,28,0,0,1,0,0,0
25135067406502,149,89,0,0,0,0,0,0
42238118702402,1,421,1,0,0,0,0,0
47277138100404,177,309,0,0,0,0,0,0
30161080308801,490,15,1,1,1,1,0,0
40229114201201,4,184,1,0,0,0,0,1
3012005800704,37,370,0,1,1,1,0,0
37201100809602,46,326,0,0,1,0,2,0
13061030202601,121,9,0,0,0,0,0,0
47289144201805,260,200,0,1,1,0,1,1
7030014600201,97,261,1,1,0,0,0,0
1004001700906,144,286,0,1,0,0,0,0
47275137100401,218,275,2,1,3,0,0,2
17085042001701,24,321,1,1,4,0,2,0
19096048210202,473,5,0,1,1,0,0,0
40228114004701,40,323,1,1,0,0,0,1
39220110106901,84,284,3,1,1,0,2,1
21110055008601,553,2,0,2,1,0,0,1
44260130005701,234,38,1,0,0,0,0,0
27142071106105,199,261,2,0,1,0,2,0
33182090803402,91,448,3,0,0,0,0,0
32167083102702,284,4,0,0,1,1,1,0
42242120805201,4,534,0,0,0,0,0,0
39220110310801,103,201,2,0,1,0,1,0
31163081509704,458,27,0,0,1,1,1,2
22114056702702,477,50,1,0,0,0,0,0
47281140100313,150,319,0,0,0,0,0,0
27146072801102,277,9,1,0,0,0,0,0
19095047513001,513,4,0,0,0,0,0,0
37208103802401,36,457,0,0,0,0,0,0
36195097102301,312,148,6,3,3,0,0,0
8037018000801,146,46,1,4,1,0,0,0
45265132301601,152,367,1,0,1,0,0,0
20100050106701,428,9,1,0,1,1,1,3
18093046202001,320,2,0,0,0,1,0,0
26140069704102,263,185,5,3,4,1,0,0
32167083101501,391,1,0,1,0,0,0,0
33178089005201,256,76,3,1,1,0,0,1
30158078906501,205,13,0,0,0,0,0,0
23125062607401,110,28,1,0,2,0,0,1
14066033008701,245,4,0,0,0,0,0,1
40230114802301,15,220,1,0,0,0,0,0
13062030601201,54,7,0,0,0,0,0,0
36195097204102,188,138,2,0,1,0,0,0
25135067201501,10,79,0,0,0,0,0,0
32167083507302,436,62,0,0,0,0,0,0
31164082108402,385,6,0,0,1,2,0,0
43248123801901,3,449,0,0,1,0,0,0
13060029911202,389,22,0,0,0,1,0,0
27145072504301,293,32,0,0,0,0,0,0
41232115601401,1,468,2,0,0,0,0,0
47285142501004,266,233,0,1,2,0,0,0
31165082508502,108,186,1,1,0,0,0,0
47285142300517,201,268,0,0,0,0,1,1
35190094400701,397,5,0,0,2,1,1,0
47274136600110,235,258,0,0,0,0,0,0
15072035606001,180,289,1,1,2,1,1,2
22114056401101,338,139,1,0,0,0,0,1
22120059903004,434,21,2,0,0,0,0,0
33180089701701,234,357,3,0,0,0,1,0
40227113401401,42,427,4,0,2,0,0,0
11050025004001,88,45,0,15,0,0,0,0
37204102001501,22,141,0,0,1,0,0,0
36196097600402,298,22,0,0,0,1,1,0
27141070404701,312,29,0,0,0,1,0,0
39216107905901,421,40,3,0,2,3,2,1
23124061701302,66,105,0,0,5,0,0,0
32173086001401,228,94,0,0,0,0,0,0
46273136302102,288,136,1,0,5,0,0,0
45264132009902,160,156,1,0,0,0,0,1
29151075102401,397,3,0,1,1,2,0,3
47278138800502,138,307,3,2,0,0,1,0
7032016005702,332,102,3,44,1,0,0,0
16077038203501,130,365,5,0,0,1,0,1
15067033208401,2,102,0,2,2,0,0,2
6026012500702,92,209,1,0,0,1,1,1
32174086705304,442,9,0,1,0,0,1,1
47284141800511,249,259,0,0,0,0,0,0
39217108201101,170,165,1,0,2,0,0,1
36198098908002,299,32,0,0,0,0,1,0
2009004004202,37,349,3,1,0,0,1,0
37202101206203,72,381,0,4,0,0,0,0
7031015302101,218,3,0,5,0,0,0,0
1001000200402,146,244,0,0,0,0,0,0
12054026905501,349,36,2,0,2,1,1,1
15074036500101,63,148,2,0,1,1,0,0
32176088005102,456,58,1,0,0,0,0,0
43251125304701,1,525,2,0,0,0,0,0
13060029601001,493,25,0,1,0,0,0,0
43250125011901,1,238,0,0,0,0,0,0
15074036503101,31,146,0,0,0,1,0,2
7027013202201,65,220,2,5,0,0,0,0
3015007203202,44,385,1,2,2,2,0,1
42240119600701,27,386,2,1,1,0,0,0
33180089802701,149,117,1,0,0,0,0,0
42239119404501,4,389,0,0,0,0,0,0
30159079506601,47,1,1,0,0,0,0,0
37202101206601,34,452,4,1,1,0,0,0
32170085105001,546,9,4,0,0,0,1,0
45264131704001,174,196,2,0,0,0,0,0
6026012501301,46,150,1,0,0,1,0,0
18089044404201,354,4,0,0,0,0,0,0
27146072700802,228,155,2,0,0,0,0,0
32176087803304,374,119,0,0,1,0,0,0
12056027907101,266,19,2,0,1,0,0,0
8036017701901,7,85,2,2,0,0,0,0
30158079213901,207,9,1,0,0,0,0,0
41236117805601,5,468,0,0,0,0,0,0
47289144000807,418,68,0,0,1,0,0,0
15069034102401,13,185,1,1,2,2,2,4
42242121008001,0,410,0,0,0,0,0,0
46270134805201,134,198,0,1,0,2,0,1
1004002003001,106,226,1,1,0,1,0,0
34185092100603,156,300,7,0,0,0,0,1
17086043015802,31,292,1,1,1,1,0,0
29156077806702,374,9,0,0,1,0,0,1
42243121303602,0,524,0,0,0,0,0,0
16080039400110,119,361,4,0,1,0,0,0
20100050005401,456,11,0,1,0,0,0,0
4020010007601,32,42,0,0,0,0,0,0
45263131406401,163,189,0,0,1,1,1,0
32169084502701,411,2,0,0,1,0,0,0
18093046405102,571,2,0,0,0,0,0,0
39223111100902,78,145,0,0,3,0,3,0
48291500000201,68,92,0,0,2,0,0,0
16076038011101,28,290,4,0,0,0,0,2
33177088613701,159,71,2,0,0,0,0,0
38213106405002,12,309,2,0,3,0,1,0
25135067406501,127,75,2,1,2,0,0,0
39221110504801,42,234,0,1,2,0,0,0
47279139200513,513,38,1,0,0,0,0,1
14064031803101,277,7,0,1,0,0,0,0
31164082109102,517,30,0,0,0,0,0,0
1003001302209,75,292,5,1,0,0,0,0
43251125202501,1,153,0,0,0,0,0,0
29153076307101,283,37,0,1,0,1,0,1
29154076908102,160,213,3,0,3,0,0,0
21105051902501,183,0,0,0,0,0,0,0
21106052200302,445,5,0,0,0,0,0,0
22112055500401,521,4,0,0,0,0,0,0
34186092602505,471,75,0,0,1,0,0,1
34185092301813,200,260,1,2,1,0,0,0
21108053300701,532,4,0,0,0,0,0,0
39218108706201,32,196,1,1,0,0,1,1
47282141001315,94,330,3,0,0,0,0,0
22118058801708,399,90,0,0,2,0,0,0
34187093304901,109,67,0,1,0,0,0,0
33177088408201,310,179,3,0,0,0,0,0
15074036710101,14,108,0,0,1,0,0,0
41235117205703,5,540,3,0,0,0,0,0
22115057402105,528,57,0,0,1,0,0,0
35192095904302,417,21,0,0,0,0,0,0
14063031512802,335,49,0,0,1,1,0,0
18089044202702,575,0,0,1,1,0,0,0
20101050503302,449,6,1,1,0,2,0,3
11049024404701,4,7,0,4,0,0,0,0
21110054806003,470,2,0,0,0,0,0,0
38215107503601,41,410,2,2,0,0,1,0
22116057902902,423,2,0,0,0,0,0,0
47278138800904,38,359,1,0,0,0,0,0
27141070708301,123,219,2,1,0,0,0,0
6025012307001,56,116,1,0,0,0,1,2
19099049304101,419,5,1,0,3,0,0,0
16075037512801,72,201,1,0,0,0,1,0
4020009804902,56,163,2,8,0,0,0,1
16077038409401,46,422,3,1,1,0,0,2
32168083903801,116,399,1,0,1,1,0,1
29154076704101,285,8,0,0,2,0,0,0
30159079301801,238,2,0,0,0,0,0,1
3012006205103,88,305,2,0,4,0,0,0
45265132401802,113,266,3,0,1,0,0,0
22113056001006,592,3,0,0,0,0,0,1
24131065408402,342,74,0,0,0,0,0,0
47279139301011,467,82,0,1,0,0,0,0
21104051703201,528,6,1,0,0,0,0,1
13060029911201,401,14,0,1,0,0,0,0
19095047205902,405,1,1,2,1,0,1,0
47281140301103,24,502,0,0,0,0,0,0
31163081405201,536,0,0,0,1,0,1,0
43245122405301,3,335,2,0,0,0,0,0
22115057402015,503,57,0,0,0,0,0,0
11050024801101,48,14,0,126,1,0,0,0
47287143100911,126,319,2,1,0,0,0,0
39216107909601,168,2,1,0,0,2,1,0
41235117003501,2,514,0,0,0,0,0,0
5022010602201,33,142,1,2,0,0,0,0
27141070404401,273,22,1,0,1,1,1,0
16080039401103,52,415,2,0,1,1,0,0
27145072605503,205,233,1,0,0,0,0,0
32168083903701,28,174,0,0,0,0,0,0
43250124805701,1,557,1,0,0,0,0,0
16077038408401,84,311,3,1,0,1,1,0
49292145107301,99,73,0,1,0,0,0,0
15071035104101,77,175,1,0,0,0,0,1
12052025907901,292,49,0,1,1,1,0,0
32174086502101,436,1,0,0,0,0,0,0
17088043803702,83,193,0,0,1,0,0,0
15071035209001,17,158,0,0,0,0,0,1
39222110701001,91,410,5,0,3,2,1,0
16075037411301,37,389,3,2,3,0,3,0
34183091302007,253,179,0,0,1,0,0,0
43246122704701,0,215,0,0,0,0,0,0
3012005800301,22,260,2,1,2,2,0,0
16082040603901,44,413,1,2,0,0,0,1
9041020403302,304,27,0,4,0,0,0,0
14064031701502,447,13,2,0,0,1,0,0
43248124008901,4,398,0,0,0,0,0,0
27144072107001,217,5,0,0,0,0,0,0
18092045800301,552,4,0,0,1,0,0,0
15067033312301,11,93,0,1,1,0,0,0
40226113108201,12,401,3,0,0,0,0,0
44258128302801,0,238,0,0,0,0,0,1
13060030015401,419,39,1,0,0,0,0,0
21109054407901,522,5,1,0,0,0,0,0
31165082202701,413,2,0,0,2,0,1,0
1003001503402,86,267,2,1,1,0,0,0
30162080501501,315,13,0,0,0,1,0,0
38213106708402,10,279,2,0,1,0,1,0
24132065700801,152,62,0,0,0,0,0,0
19095047104501,421,2,0,0,0,0,0,0
44257128006402,15,357,0,0,0,0,0,0
31165082508201,17,84,1,0,0,0,1,0
17085042205901,14,238,1,0,2,1,0,0
16076037704001,28,200,2,0,1,0,1,0
47279139301202,345,167,1,0,0,0,0,0
7031015301901,106,0,0,0,0,0,0,0
14065032405501,23,96,1,0,1,0,0,0
12053026405602,307,49,2,2,2,0,2,2
47288143801505,227,209,2,1,0,0,0,0
38212105803901,20,479,4,1,1,1,1,1
16081039802801,32,310,2,0,0,0,2,0
43248123903201,9,454,3,0,1,0,0,0
40230114904101,38,447,1,0,2,0,0,0
9042021005301,185,6,0,6,1,0,0,0
5022010501101,64,358,8,2,2,0,0,0
45264132010301,52,267,0,1,0,1,0,0
23124062105501,29,17,0,1,0,0,0,0
22113056202902,517,7,0,0,0,1,0,0
12057028407001,148,12,0,0,0,0,0,0
26140069705701,250,133,2,0,1,0,0,0
12052026010502,296,38,1,0,0,2,0,0
32167083508402,273,61,0,0,0,0,0,0
3016007905405,75,270,2,2,3,0,0,1
44255127002202,26,303,0,0,0,0,1,0
32176087702601,242,269,0,0,1,0,0,0
8033016504901,114,151,5,25,1,0,1,0
37200099700401,36,274,2,0,1,1,1,0
15070034706001,15,231,2,0,2,1,0,0
1004001600201,55,186,1,1,0,0,0,0
32168084005103,557,3,0,0,0,0,0,0
2010004810401,20,316,0,0,1,0,0,0
7030014902401,39,260,1,5,0,0,0,0
15071035003301,39,227,0,0,1,0,0,0
13062030601901,418,21,1,0,2,2,1,0
10047023300501,239,15,0,4,0,1,0,0
22122060701403,442,23,0,0,0,0,0,1
31163081100504,480,4,0,1,0,0,0,0
27143071503101,330,24,0,2,0,0,0,0
22112055502001,369,4,1,0,0,0,0,0
22113056202804,552,15,1,0,0,0,0,0
4019009200801,14,232,2,0,0,0,1,0
47285142200426,177,231,0,0,0,0,0,0
3017008204801,29,339,2,1,0,1,2,0
26140070009802,295,165,4,0,5,0,1,1
21108053300901,522,13,0,0,1,0,0,0
37200099700501,46,354,1,1,0,0,1,0
32166082600601,382,89,3,1,0,0,0,0
3017008000401,16,280,4,1,2,0,2,0
4019009404801,108,385,0,2,2,0,0,0
43251125200301,0,304,0,0,0,0,0,0
43246122703901,0,255,0,0,0,0,0,0
43247123512501,3,468,2,0,0,0,2,0
20103051301903,454,3,1,0,1,0,0,1
3016007602001,71,361,1,0,0,0,0,0
42238118702801,1,319,0,0,0,0,0,0
2010004607001,49,280,2,1,0,0,1,0
20102051105502,468,0,0,1,0,0,1,0
35191095407601,429,31,1,0,2,0,1,0
16079039205201,35,203,2,1,0,0,0,0
22115056900505,500,63,0,1,0,0,0,0
30162080501902,294,16,0,0,2,0,1,0
33180090005101,87,340,0,0,0,0,0,0
42244121701702,2,461,0,0,0,0,0,0
1005002502609,63,279,0,0,0,0,0,0
22122060702002,378,3,0,0,0,0,0,0
22120059600502,524,6,0,0,0,0,0,0
45263131100202,101,235,1,2,0,0,2,0
16077038203201,218,342,6,1,0,1,1,1
41233116206501,2,323,2,0,0,0,0,0
32171085403602,303,19,1,0,0,1,0,0
15067033520801,122,13,1,0,2,0,1,0
21106052201101,571,3,0,0,1,0,0,0
17087043100301,6,151,0,0,0,0,1,0
15068033602701,25,109,0,1,4,0,0,0
36195097204401,212,102,2,1,0,0,2,0
39216107600201,398,52,6,3,6,3,3,1
47284141800502,200,302,2,0,0,0,0,0
35191095408701,339,12,0,0,2,0,1,0
12058028501802,364,31,0,2,1,0,0,0
47277138100303,282,242,1,0,0,0,0,0
22112055704303,501,6,0,0,0,0,0,0
30162080706901,174,8,0,1,1,1,0,0
9039019201001,251,216,0,5,0,1,0,0
39217108407001,91,137,2,0,0,0,1,0
34187093408401,32,43,0,0,0,0,0,0
15068033600201,88,241,6,1,5,0,1,0
33182090701001,366,29,0,0,1,0,0,1
47283141300806,411,135,0,0,0,1,0,0
30159079303501,154,2,0,0,0,0,0,0
15073035903001,14,143,2,0,0,1,0,0
22119059402405,428,55,0,0,1,1,0,1
36194096909501,329,6,1,0,0,0,0,0
34183091201701,291,193,3,2,0,0,0,0
16078038500504,108,326,7,0,0,0,1,0
33177088612401,35,62,1,0,0,0,0,0
15067033207501,49,359,0,1,1,0,0,0
35190094604402,404,31,0,2,0,0,0,0
17088043700601,22,293,2,0,1,0,1,0
47281140200505,15,515,1,0,0,0,0,0
24132065809001,117,66,1,0,0,0,0,0
21110054704202,395,0,0,0,0,0,0,0
31164081906001,462,3,1,0,0,1,0,0
46271135304202,171,138,1,0,0,0,1,1
43247123408901,0,414,0,0,0,0,0,0
16076037602201,7,124,0,0,0,0,0,1
39217108304101,76,231,4,0,2,2,1,2
34183091201702,336,175,0,0,0,0,0,1
37202101002401,30,288,2,0,1,0,0,0
30161080202401,161,12,0,0,1,0,0,0
9039019301603,470,40,1,12,0,0,0,0
47279139200711,449,37,1,2,1,0,0,0
21108053401801,387,13,0,0,2,0,0,0
42244121908001,1,268,2,0,0,0,0,0
28150074501301,340,14,0,1,1,1,0,0
46271135405602,164,169,0,1,0,1,1,0
9043021302301,428,72,1,15,0,0,0,0
47280139800904,353,178,0,1,0,0,0,1
46271135200801,170,194,2,0,0,0,0,1
15074036504101,16,125,0,0,1,0,0,0
33181090509001,308,1,0,0,1,1,0,0
40227113604002,22,333,0,0,0,0,0,0
18089044708002,451,0,0,0,0,0,0,0
39220110310702,83,273,1,1,2,0,1,0
47279139100117,465,72,0,1,2,0,0,0
32173086411901,482,6,0,0,0,0,0,0
20103051505401,424,4,0,0,1,0,0,0
25135067508601,9,43,0,0,0,0,0,0
39221110503001,56,250,4,1,2,0,1,2
16076037703701,36,254,0,1,0,0,0,1
1003001503504,110,257,2,0,0,0,0,0
12059029511602,377,22,0,0,1,0,0,0
32172085804001,549,1,2,0,1,0,0,0
1003001403002,53,235,2,0,0,1,0,0
2007003100301,8,291,4,1,0,1,0,0
12051025305301,331,93,1,0,1,0,1,0
46270134804201,78,202,0,0,2,0,3,0
17088043906901,52,416,2,0,1,0,0,1
14063031102101,310,7,1,0,2,0,1,0
37208103700501,14,133,1,1,2,0,0,0
14066033005602,314,29,0,2,3,0,0,1
30159079710201,265,25,0,0,0,0,0,0
41236117500801,6,326,0,0,0,0,0,0
21107052800701,484,1,1,0,0,0,0,0
1003001402904,70,282,1,2,0,0,0,0
32176087903601,238,65,0,0,0,0,1,0
42242120601101,1,515,2,0,0,1,0,0
41235117104901,1,392,1,0,0,0,0,0
37202101409501,23,315,0,0,2,0,0,0
8034017002201,317,117,1,31,5,0,0,0
30160079905901,62,198,5,0,1,0,0,0
27144071900601,381,57,2,0,0,0,0,0
6024011600901,20,160,2,0,0,0,0,0
20103051505403,446,3,0,0,0,0,0,0
2008003806502,156,265,2,1,0,0,2,0
8036017702301,35,454,0,3,0,0,0,0
3015007410401,10,143,1,0,3,0,0,0
3017008306302,61,307,1,0,0,0,0,0
29156077604801,151,4,0,0,1,0,0,0
45265132504601,163,236,0,0,0,0,2,0
21106052506306,500,4,0,0,1,0,0,0
47283141401014,280,253,1,0,0,0,0,0
12054026906002,342,27,0,1,0,0,0,0
32176087702901,123,317,0,1,0,0,0,0
30158079111601,105,3,0,0,0,0,0,0
47286142700321,157,351,0,2,0,0,0,0
32167083305201,318,47,2,1,0,0,0,1
9041020201202,421,5,0,2,0,0,0,0
15073036105702,90,235,1,1,4,1,2,0
41233116101901,0,434,0,0,0,0,0,0
41236117601601,0,417,0,0,0,0,0,0
37199099303902,97,194,0,0,1,1,0,0
16080039400109,103,363,1,0,1,1,0,0
45262130807001,173,197,5,0,1,1,0,1
27141070405301,270,10,0,0,0,0,0,0
12053026303801,170,18,0,0,0,1,0,0
24132065914801,49,3,0,0,0,0,0,0
36194096807401,275,57,1,1,0,0,0,0
27143071708101,234,5,1,0,0,0,0,0
13062031018401,78,9,1,1,0,0,1,0
22114056803605,412,57,0,0,0,1,1,0
40225112609901,25,424,0,0,0,0,1,0
14066033005301,322,4,2,0,2,1,2,0
9039019100301,272,93,0,13,0,0,0,0
39221110400702,67,281,4,0,3,2,1,0
26139068901402,111,291,4,0,0,1,0,1
21106052506405,494,13,0,0,0,0,0,0
45261130100601,119,159,1,0,2,0,1,0
30162080604301,380,60,1,0,1,1,0,0
22111055405601,548,8,0,0,0,1,0,0
11049024101001,271,61,0,0,0,0,0,0
16080039603204,245,303,0,1,0,0,0,0
37200100004501,31,430,1,0,0,0,0,0
37202101103502,26,264,0,0,0,0,0,1
47286142900907,281,219,0,0,1,0,0,0
12056027905603,398,56,0,1,0,0,0,0
47290144500109,161,304,0,0,1,0,1,0
46273136200103,193,180,2,0,1,0,1,0
12054026702401,459,49,3,0,1,1,1,0
17084041702901,15,376,1,0,0,0,0,0
26139068901201,142,194,0,0,1,0,0,0
45267133506201,133,179,0,1,3,0,0,0
3011005201404,84,251,0,0,0,0,1,0
42238119004402,3,575,1,0,0,0,0,0
19094046806201,571,7,0,0,1,0,1,0
1003001101302,114,280,1,2,0,0,0,1
27142071306708,260,233,3,0,1,0,1,0
34183091302107,362,176,0,0,1,1,0,1
29151075204401,450,14,0,1,0,1,0,1
20100050309202,469,5,0,0,1,1,2,0
17083041515501,33,254,4,0,0,0,0,0
22116057802303,443,14,0,0,0,0,0,1
47289143900404,452,98,0,0,0,0,0,0
3016007703202,73,322,2,1,0,1,0,0
44258128608201,0,549,0,0,0,0,0,0
24132066019401,85,45,0,1,0,0,0,0
16081040107601,89,284,0,1,0,1,0,0
15069034205401,11,81,0,0,0,1,0,1
20101050706201,439,6,0,0,0,0,0,0
18093046200601,310,1,0,1,0,0,0,0
38211105405001,30,446,0,0,3,1,3,1
21110055009001,590,5,0,0,1,0,0,0
17083041412701,21,222,0,0,0,1,1,0
12058028707801,379,38,0,0,0,0,0,0
37203101906801,57,247,1,0,2,1,2,1
22112055501502,477,2,0,0,0,0,0,0
32169084604602,358,112,3,0,0,0,0,0
12051025202601,143,41,0,1,0,0,0,0
24131065617001,69,8,1,1,3,0,1,1
43247123205301,4,339,0,0,1,0,0,0
40229114504701,22,303,0,0,1,0,0,0
34184091600301,93,245,0,0,0,0,0,0
26136067906007,273,185,1,0,0,0,0,0
29153076102001,177,8,0,0,0,0,0,0
43251125612301,0,142,0,0,0,0,0,0
37209104405501,21,210,0,0,0,0,0,0
34187093203301,33,118,0,0,0,0,0,0
17084041803601,68,335,2,2,2,1,2,0
6024011600301,74,226,3,2,2,0,0,1
12052026010901,193,19,0,1,0,0,0,0
23128063803001,0,9,0,0,0,0,0,0
17085042105401,45,381,1,2,6,4,0,0
47283141501303,166,411,0,0,0,0,0,0
44256127301002,1,566,1,0,0,0,0,0
37204102000201,30,246,3,0,1,0,1,0
30162080911101,79,3,0,0,0,0,0,0
39223111202702,119,152,0,1,2,1,0,0
24132065809101,91,55,0,0,1,0,0,0
32174086908702,416,12,1,0,1,0,0,0
22114056601901,414,73,0,1,0,0,0,0
12055027407002,255,70,0,1,0,1,0,0
19099049404603,432,9,0,0,1,0,0,0
31164081906401,418,60,0,0,2,0,0,0
6026012703503,175,281,2,1,1,0,0,0
32175087402602,414,92,1,0,0,0,0,0
12058028604801,528,14,0,0,1,0,0,1
13062031019601,342,58,2,1,1,1,3,1
43247123206801,0,376,0,0,0,0,0,0
3014006902401,7,205,0,0,2,0,0,0
